id,first_name,gender
1,Briana Danihel,Female
2,Woodrow Cristofanini,Male
3,Wilek Dikes,Male
4,Wendall Raynor,Male
5,Rubin Greally,Male
6,Kristel Duiged,Female
7,Bob Dunkerk,Male
8,Rolf Langsdon,Male
9,Minta Mell,Female
10,Ermentrude Probets,Female
11,Rycca Davidesco,Female
12,Pavel Daish,Male
13,Lyle Doveston,Male
14,Evie Ivashnikov,Female
15,Prent Cawdell,Male
16,Tremayne Konerding,Male
17,Christoph Ridgedell,Male
18,Mirna Comport,Female
19,Kamillah Grzesiewicz,Female
20,Marty Storkes,Male
21,Elroy Pedrocco,Male
22,Drusilla Penny,Female
23,Immanuel Poyner,Male
24,Con Devinn,Male
25,Perla Harvey,Female
26,Lezley Tomaino,Male
27,Carl Burd,Male
28,Marsh Spriggin,Male
29,Isaiah Cleworth,Male
30,Mick Christescu,Male
